Strength,Anchor,Label,Time,Room
-0.564102538461539,Ancre1,Trajectoire1,1,Salle1
-0.562270384615385,Ancre1,Trajectoire1,2,Salle1
-0.595238076923077,Ancre1,Trajectoire1,3,Salle1
-0.549450730769231,Ancre1,Trajectoire1,4,Salle1
-0.507326076923077,Ancre1,Trajectoire1,5,Salle1
-0.503663038461539,Ancre1,Trajectoire1,6,Salle1
-0.485348,Ancre1,Trajectoire1,7,Salle1
-0.500000307692308,Ancre1,Trajectoire1,8,Salle1
-0.479854615384615,Ancre1,Trajectoire1,9,Salle1
-0.514650769230769,Ancre1,Trajectoire1,10,Salle1
-0.509157307692308,Ancre1,Trajectoire1,11,Salle1
-0.463369923076923,Ancre1,Trajectoire1,12,Salle1
-0.468864423076923,Ancre1,Trajectoire1,13,Salle1
-0.424908038461538,Ancre1,Trajectoire1,14,Salle1
-0.395604115384615,Ancre1,Trajectoire1,15,Salle1
-0.395604730769231,Ancre1,Trajectoire1,16,Salle1
-0.367692307692308,Ancre2,Trajectoire1,1,Salle1
-0.298461538461538,Ancre2,Trajectoire1,2,Salle1
-0.343076923076923,Ancre2,Trajectoire1,3,Salle1
-0.356923076923077,Ancre2,Trajectoire1,4,Salle1
-0.318461538461539,Ancre2,Trajectoire1,5,Salle1
-0.335384615384615,Ancre2,Trajectoire1,6,Salle1
-0.3,Ancre2,Trajectoire1,7,Salle1
-0.309230769230769,Ancre2,Trajectoire1,8,Salle1
-0.252307692307692,Ancre2,Trajectoire1,9,Salle1
-0.32,Ancre2,Trajectoire1,10,Salle1
-0.316923076923077,Ancre2,Trajectoire1,11,Salle1
-0.329230769230769,Ancre2,Trajectoire1,12,Salle1
-0.250769230769231,Ancre2,Trajectoire1,13,Salle1
-0.24,Ancre2,Trajectoire1,14,Salle1
-0.216923076923077,Ancre2,Trajectoire1,15,Salle1
-0.255384615384615,Ancre2,Trajectoire1,16,Salle1
0.296702,Ancre3,Trajectoire1,1,Salle1
0.296703538461538,Ancre3,Trajectoire1,2,Salle1
0.340658730769231,Ancre3,Trajectoire1,3,Salle1
0.300367153846154,Ancre3,Trajectoire1,4,Salle1
0.300366384615385,Ancre3,Trajectoire1,5,Salle1
0.285714192307692,Ancre3,Trajectoire1,6,Salle1
0.210623153846154,Ancre3,Trajectoire1,7,Salle1
0.307691884615385,Ancre3,Trajectoire1,8,Salle1
0.258242307692308,Ancre3,Trajectoire1,9,Salle1
0.265567961538462,Ancre3,Trajectoire1,10,Salle1
0.214285461538462,Ancre3,Trajectoire1,11,Salle1
0.247252807692308,Ancre3,Trajectoire1,12,Salle1
0.177655038461538,Ancre3,Trajectoire1,13,Salle1
0.144689730769231,Ancre3,Trajectoire1,14,Salle1
0.206959730769231,Ancre3,Trajectoire1,15,Salle1
0.192308,Ancre3,Trajectoire1,16,Salle1
0.378846153846154,Ancre4,Trajectoire1,1,Salle1
0.365384615384615,Ancre4,Trajectoire1,2,Salle1
0.394230769230769,Ancre4,Trajectoire1,3,Salle1
0.276923076923077,Ancre4,Trajectoire1,4,Salle1
0.328846153846154,Ancre4,Trajectoire1,5,Salle1
0.301923076923077,Ancre4,Trajectoire1,6,Salle1
0.371153846153846,Ancre4,Trajectoire1,7,Salle1
0.248076923076923,Ancre4,Trajectoire1,8,Salle1
0.226923076923077,Ancre4,Trajectoire1,9,Salle1
0.290384615384615,Ancre4,Trajectoire1,10,Salle1
0.161538461538462,Ancre4,Trajectoire1,11,Salle1
0.282692307692308,Ancre4,Trajectoire1,12,Salle1
0.228846153846154,Ancre4,Trajectoire1,13,Salle1
0.225,Ancre4,Trajectoire1,14,Salle1
0.173076923076923,Ancre4,Trajectoire1,15,Salle1
0.261538461538462,Ancre4,Trajectoire1,16,Salle1
-0.727105769230769,Ancre1,Trajectoire2,1,Salle1
-0.749083461538461,Ancre1,Trajectoire2,2,Salle1
-0.791209230769231,Ancre1,Trajectoire2,3,Salle1
-0.756410769230769,Ancre1,Trajectoire2,4,Salle1
-0.730769230769231,Ancre1,Trajectoire2,5,Salle1
-0.730768846153846,Ancre1,Trajectoire2,6,Salle1
-0.728936538461539,Ancre1,Trajectoire2,7,Salle1
-0.635531538461538,Ancre1,Trajectoire2,8,Salle1
-0.690476153846154,Ancre1,Trajectoire2,9,Salle1
-0.710622307692308,Ancre1,Trajectoire2,10,Salle1
-0.714285,Ancre1,Trajectoire2,11,Salle1
-0.663003076923077,Ancre1,Trajectoire2,12,Salle1
-0.602563384615385,Ancre1,Trajectoire2,13,Salle1
-0.701464615384616,Ancre1,Trajectoire2,14,Salle1
-0.655677692307692,Ancre1,Trajectoire2,15,Salle1
-0.690476153846154,Ancre1,Trajectoire2,16,Salle1
-0.336923076923077,Ancre2,Trajectoire2,1,Salle1
-0.361538461538462,Ancre2,Trajectoire2,2,Salle1
-0.318461538461539,Ancre2,Trajectoire2,3,Salle1
-0.307692307692308,Ancre2,Trajectoire2,4,Salle1
-0.295384615384615,Ancre2,Trajectoire2,5,Salle1
-0.293846153846154,Ancre2,Trajectoire2,6,Salle1
-0.335384615384615,Ancre2,Trajectoire2,7,Salle1
-0.283076923076923,Ancre2,Trajectoire2,8,Salle1
-0.190769230769231,Ancre2,Trajectoire2,9,Salle1
-0.181538461538462,Ancre2,Trajectoire2,10,Salle1
-0.192307692307692,Ancre2,Trajectoire2,11,Salle1
-0.173846153846154,Ancre2,Trajectoire2,12,Salle1
-0.166153846153846,Ancre2,Trajectoire2,13,Salle1
-0.195384615384615,Ancre2,Trajectoire2,14,Salle1
-0.144615384615385,Ancre2,Trajectoire2,15,Salle1
-0.16,Ancre2,Trajectoire2,16,Salle1
-0.113553538461538,Ancre3,Trajectoire2,1,Salle1
-0.142856346153846,Ancre3,Trajectoire2,2,Salle1
-0.0274728461538462,Ancre3,Trajectoire2,3,Salle1
-0.0567758076923077,Ancre3,Trajectoire2,4,Salle1
-0.0586077307692308,Ancre3,Trajectoire2,5,Salle1
-0.104396653846154,Ancre3,Trajectoire2,6,Salle1
-0.0842484230769231,Ancre3,Trajectoire2,7,Salle1
-0.0109881538461538,Ancre3,Trajectoire2,8,Salle1
-0.0421245384615385,Ancre3,Trajectoire2,9,Salle1
-0.00366303846153846,Ancre3,Trajectoire2,10,Salle1
-0.159340346153846,Ancre3,Trajectoire2,11,Salle1
-0.100732615384615,Ancre3,Trajectoire2,12,Salle1
-0.0512827692307692,Ancre3,Trajectoire2,13,Salle1
-0.111721,Ancre3,Trajectoire2,14,Salle1
0.00915780769230769,Ancre3,Trajectoire2,15,Salle1
-0.0989002307692308,Ancre3,Trajectoire2,16,Salle1
0.242307692307692,Ancre4,Trajectoire2,1,Salle1
0.217307692307692,Ancre4,Trajectoire2,2,Salle1
0.271153846153846,Ancre4,Trajectoire2,3,Salle1
0.184615384615385,Ancre4,Trajectoire2,4,Salle1
0.111538461538462,Ancre4,Trajectoire2,5,Salle1
0.161538461538462,Ancre4,Trajectoire2,6,Salle1
0.209615384615385,Ancre4,Trajectoire2,7,Salle1
0.211538461538462,Ancre4,Trajectoire2,8,Salle1
0.0865384615384615,Ancre4,Trajectoire2,9,Salle1
0.203846153846154,Ancre4,Trajectoire2,10,Salle1
0.184615384615385,Ancre4,Trajectoire2,11,Salle1
0.0884615384615385,Ancre4,Trajectoire2,12,Salle1
0.0884615384615384,Ancre4,Trajectoire2,13,Salle1
-0.0423076923076923,Ancre4,Trajectoire2,14,Salle1
0.0846153846153846,Ancre4,Trajectoire2,15,Salle1
0.161538461538462,Ancre4,Trajectoire2,16,Salle1
0,Ancre1,Trajectoire3,1,Salle1
0,Ancre1,Trajectoire3,2,Salle1
0,Ancre1,Trajectoire3,3,Salle1
0,Ancre1,Trajectoire3,4,Salle1
0,Ancre1,Trajectoire3,5,Salle1
0,Ancre1,Trajectoire3,6,Salle1
0,Ancre1,Trajectoire3,7,Salle1
0,Ancre1,Trajectoire3,8,Salle1
0,Ancre1,Trajectoire3,9,Salle1
0,Ancre1,Trajectoire3,10,Salle1
0,Ancre1,Trajectoire3,11,Salle1
0,Ancre1,Trajectoire3,12,Salle1
0,Ancre1,Trajectoire3,13,Salle1
0,Ancre1,Trajectoire3,14,Salle1
0,Ancre1,Trajectoire3,15,Salle1
0,Ancre1,Trajectoire3,16,Salle1
0,Ancre2,Trajectoire3,1,Salle1
0,Ancre2,Trajectoire3,2,Salle1
0,Ancre2,Trajectoire3,3,Salle1
0,Ancre2,Trajectoire3,4,Salle1
0,Ancre2,Trajectoire3,5,Salle1
0,Ancre2,Trajectoire3,6,Salle1
0,Ancre2,Trajectoire3,7,Salle1
0,Ancre2,Trajectoire3,8,Salle1
0,Ancre2,Trajectoire3,9,Salle1
0,Ancre2,Trajectoire3,10,Salle1
0,Ancre2,Trajectoire3,11,Salle1
0,Ancre2,Trajectoire3,12,Salle1
0,Ancre2,Trajectoire3,13,Salle1
0,Ancre2,Trajectoire3,14,Salle1
0,Ancre2,Trajectoire3,15,Salle1
0,Ancre2,Trajectoire3,16,Salle1
0,Ancre3,Trajectoire3,1,Salle1
0,Ancre3,Trajectoire3,2,Salle1
0,Ancre3,Trajectoire3,3,Salle1
0,Ancre3,Trajectoire3,4,Salle1
0,Ancre3,Trajectoire3,5,Salle1
0,Ancre3,Trajectoire3,6,Salle1
0,Ancre3,Trajectoire3,7,Salle1
0,Ancre3,Trajectoire3,8,Salle1
0,Ancre3,Trajectoire3,9,Salle1
0,Ancre3,Trajectoire3,10,Salle1
0,Ancre3,Trajectoire3,11,Salle1
0,Ancre3,Trajectoire3,12,Salle1
0,Ancre3,Trajectoire3,13,Salle1
0,Ancre3,Trajectoire3,14,Salle1
0,Ancre3,Trajectoire3,15,Salle1
0,Ancre3,Trajectoire3,16,Salle1
0,Ancre4,Trajectoire3,1,Salle1
0,Ancre4,Trajectoire3,2,Salle1
0,Ancre4,Trajectoire3,3,Salle1
0,Ancre4,Trajectoire3,4,Salle1
0,Ancre4,Trajectoire3,5,Salle1
0,Ancre4,Trajectoire3,6,Salle1
0,Ancre4,Trajectoire3,7,Salle1
0,Ancre4,Trajectoire3,8,Salle1
0,Ancre4,Trajectoire3,9,Salle1
0,Ancre4,Trajectoire3,10,Salle1
0,Ancre4,Trajectoire3,11,Salle1
0,Ancre4,Trajectoire3,12,Salle1
0,Ancre4,Trajectoire3,13,Salle1
0,Ancre4,Trajectoire3,14,Salle1
0,Ancre4,Trajectoire3,15,Salle1
0,Ancre4,Trajectoire3,16,Salle1
0.322342230769231,Ancre1,Trajectoire4,1,Salle1
0.252747692307692,Ancre1,Trajectoire4,2,Salle1
0.289374461538462,Ancre1,Trajectoire4,3,Salle1
0.267399230769231,Ancre1,Trajectoire4,4,Salle1
0.380951538461538,Ancre1,Trajectoire4,5,Salle1
0.282051615384615,Ancre1,Trajectoire4,6,Salle1
0.300366153846154,Ancre1,Trajectoire4,7,Salle1
0.322343846153846,Ancre1,Trajectoire4,8,Salle1
0.227107,Ancre1,Trajectoire4,9,Salle1
0.238095461538462,Ancre1,Trajectoire4,10,Salle1
0.293039846153846,Ancre1,Trajectoire4,11,Salle1
0.293039230769231,Ancre1,Trajectoire4,12,Salle1
0.238094615384615,Ancre1,Trajectoire4,13,Salle1
0.289376615384615,Ancre1,Trajectoire4,14,Salle1
0.230768307692308,Ancre1,Trajectoire4,15,Salle1
0.289376923076923,Ancre1,Trajectoire4,16,Salle1
0.510769230769231,Ancre2,Trajectoire4,1,Salle1
0.483076923076923,Ancre2,Trajectoire4,2,Salle1
0.476923076923077,Ancre2,Trajectoire4,3,Salle1
0.467692307692308,Ancre2,Trajectoire4,4,Salle1
0.455384615384615,Ancre2,Trajectoire4,5,Salle1
0.4,Ancre2,Trajectoire4,6,Salle1
0.332307692307692,Ancre2,Trajectoire4,7,Salle1
0.44,Ancre2,Trajectoire4,8,Salle1
0.344615384615385,Ancre2,Trajectoire4,9,Salle1
0.298461538461539,Ancre2,Trajectoire4,10,Salle1
0.246153846153846,Ancre2,Trajectoire4,11,Salle1
0.24,Ancre2,Trajectoire4,12,Salle1
0.129230769230769,Ancre2,Trajectoire4,13,Salle1
0.08,Ancre2,Trajectoire4,14,Salle1
0.147692307692308,Ancre2,Trajectoire4,15,Salle1
0.304615384615385,Ancre2,Trajectoire4,16,Salle1
-0.652014615384615,Ancre3,Trajectoire4,1,Salle1
-0.582417692307692,Ancre3,Trajectoire4,2,Salle1
-0.615385384615385,Ancre3,Trajectoire4,3,Salle1
-0.545787692307692,Ancre3,Trajectoire4,4,Salle1
-0.51282,Ancre3,Trajectoire4,5,Salle1
-0.571428461538462,Ancre3,Trajectoire4,6,Salle1
-0.534797692307692,Ancre3,Trajectoire4,7,Salle1
-0.542124615384616,Ancre3,Trajectoire4,8,Salle1
-0.428571538461538,Ancre3,Trajectoire4,9,Salle1
-0.454211538461539,Ancre3,Trajectoire4,10,Salle1
-0.358973846153846,Ancre3,Trajectoire4,11,Salle1
-0.432234384615385,Ancre3,Trajectoire4,12,Salle1
-0.417581384615385,Ancre3,Trajectoire4,13,Salle1
-0.406593846153846,Ancre3,Trajectoire4,14,Salle1
-0.366298461538462,Ancre3,Trajectoire4,15,Salle1
-0.373624615384615,Ancre3,Trajectoire4,16,Salle1
-0.507692307692308,Ancre4,Trajectoire4,1,Salle1
-0.515384615384615,Ancre4,Trajectoire4,2,Salle1
-0.519230769230769,Ancre4,Trajectoire4,3,Salle1
-0.480769230769231,Ancre4,Trajectoire4,4,Salle1
-0.476923076923077,Ancre4,Trajectoire4,5,Salle1
-0.5,Ancre4,Trajectoire4,6,Salle1
-0.465384615384615,Ancre4,Trajectoire4,7,Salle1
-0.473076923076923,Ancre4,Trajectoire4,8,Salle1
-0.519230769230769,Ancre4,Trajectoire4,9,Salle1
-0.453846153846154,Ancre4,Trajectoire4,10,Salle1
-0.388461538461538,Ancre4,Trajectoire4,11,Salle1
-0.296153846153846,Ancre4,Trajectoire4,12,Salle1
-0.315384615384615,Ancre4,Trajectoire4,13,Salle1
-0.261538461538462,Ancre4,Trajectoire4,14,Salle1
-0.311538461538462,Ancre4,Trajectoire4,15,Salle1
-0.276923076923077,Ancre4,Trajectoire4,16,Salle1
0.316849230769231,Ancre1,Trajectoire5,1,Salle1
0.362637615384615,Ancre1,Trajectoire5,2,Salle1
0.435896653846154,Ancre1,Trajectoire5,3,Salle1
0.401097692307692,Ancre1,Trajectoire5,4,Salle1
0.417582961538461,Ancre1,Trajectoire5,5,Salle1
0.401098538461538,Ancre1,Trajectoire5,6,Salle1
0.415750692307692,Ancre1,Trajectoire5,7,Salle1
0.329670307692308,Ancre1,Trajectoire5,8,Salle1
0.368131192307692,Ancre1,Trajectoire5,9,Salle1
0.340660346153846,Ancre1,Trajectoire5,10,Salle1
0.243589576923077,Ancre1,Trajectoire5,11,Salle1
0.3626365,Ancre1,Trajectoire5,12,Salle1
0.278388192307692,Ancre1,Trajectoire5,13,Salle1
0.271062307692308,Ancre1,Trajectoire5,14,Salle1
0.227106230769231,Ancre1,Trajectoire5,15,Salle1
0.234432,Ancre1,Trajectoire5,16,Salle1
0.36,Ancre2,Trajectoire5,1,Salle1
0.346153846153846,Ancre2,Trajectoire5,2,Salle1
0.332307692307692,Ancre2,Trajectoire5,3,Salle1
0.363076923076923,Ancre2,Trajectoire5,4,Salle1
0.306153846153846,Ancre2,Trajectoire5,5,Salle1
0.232307692307692,Ancre2,Trajectoire5,6,Salle1
0.367692307692308,Ancre2,Trajectoire5,7,Salle1
0.34,Ancre2,Trajectoire5,8,Salle1
0.2,Ancre2,Trajectoire5,9,Salle1
0.173846153846154,Ancre2,Trajectoire5,10,Salle1
0.269230769230769,Ancre2,Trajectoire5,11,Salle1
0.250769230769231,Ancre2,Trajectoire5,12,Salle1
0.236923076923077,Ancre2,Trajectoire5,13,Salle1
0.22,Ancre2,Trajectoire5,14,Salle1
0.238461538461539,Ancre2,Trajectoire5,15,Salle1
0.186153846153846,Ancre2,Trajectoire5,16,Salle1
-0.686813461538462,Ancre3,Trajectoire5,1,Salle1
-0.679487307692308,Ancre3,Trajectoire5,2,Salle1
-0.609889230769231,Ancre3,Trajectoire5,3,Salle1
-0.650182307692308,Ancre3,Trajectoire5,4,Salle1
-0.619047307692308,Ancre3,Trajectoire5,5,Salle1
-0.635530769230769,Ancre3,Trajectoire5,6,Salle1
-0.569596923076923,Ancre3,Trajectoire5,7,Salle1
-0.573259615384616,Ancre3,Trajectoire5,8,Salle1
-0.597068846153846,Ancre3,Trajectoire5,9,Salle1
-0.619047307692308,Ancre3,Trajectoire5,10,Salle1
-0.586080730769231,Ancre3,Trajectoire5,11,Salle1
-0.510989153846154,Ancre3,Trajectoire5,12,Salle1
-0.503663423076923,Ancre3,Trajectoire5,13,Salle1
-0.496336115384615,Ancre3,Trajectoire5,14,Salle1
-0.556776115384616,Ancre3,Trajectoire5,15,Salle1
-0.520145846153846,Ancre3,Trajectoire5,16,Salle1
-0.713461538461539,Ancre4,Trajectoire5,1,Salle1
-0.686538461538462,Ancre4,Trajectoire5,2,Salle1
-0.676923076923077,Ancre4,Trajectoire5,3,Salle1
-0.615384615384616,Ancre4,Trajectoire5,4,Salle1
-0.615384615384616,Ancre4,Trajectoire5,5,Salle1
-0.634615384615385,Ancre4,Trajectoire5,6,Salle1
-0.605769230769231,Ancre4,Trajectoire5,7,Salle1
-0.598076923076923,Ancre4,Trajectoire5,8,Salle1
-0.594230769230769,Ancre4,Trajectoire5,9,Salle1
-0.559615384615385,Ancre4,Trajectoire5,10,Salle1
-0.565384615384615,Ancre4,Trajectoire5,11,Salle1
-0.611538461538462,Ancre4,Trajectoire5,12,Salle1
-0.569230769230769,Ancre4,Trajectoire5,13,Salle1
-0.542307692307692,Ancre4,Trajectoire5,14,Salle1
-0.505769230769231,Ancre4,Trajectoire5,15,Salle1
-0.411538461538462,Ancre4,Trajectoire5,16,Salle1
0.183149153846154,Ancre1,Trajectoire6,1,Salle1
0.238094461538462,Ancre1,Trajectoire6,2,Salle1
0.249083230769231,Ancre1,Trajectoire6,3,Salle1
0.271062307692308,Ancre1,Trajectoire6,4,Salle1
0.271063,Ancre1,Trajectoire6,5,Salle1
0.256410692307692,Ancre1,Trajectoire6,6,Salle1
0.219779769230769,Ancre1,Trajectoire6,7,Salle1
0.241757461538462,Ancre1,Trajectoire6,8,Salle1
0.197800538461538,Ancre1,Trajectoire6,9,Salle1
0.157508230769231,Ancre1,Trajectoire6,10,Salle1
-0.0293037692307692,Ancre1,Trajectoire6,11,Salle1
0.164835230769231,Ancre1,Trajectoire6,12,Salle1
0.153847384615385,Ancre1,Trajectoire6,13,Salle1
0.285713076923077,Ancre1,Trajectoire6,14,Salle1
0.300364615384615,Ancre1,Trajectoire6,15,Salle1
0.249082230769231,Ancre1,Trajectoire6,16,Salle1
0.252307692307692,Ancre2,Trajectoire6,1,Salle1
0.233846153846154,Ancre2,Trajectoire6,2,Salle1
0.221538461538462,Ancre2,Trajectoire6,3,Salle1
0.32,Ancre2,Trajectoire6,4,Salle1
0.375384615384615,Ancre2,Trajectoire6,5,Salle1
0.335384615384615,Ancre2,Trajectoire6,6,Salle1
0.307692307692308,Ancre2,Trajectoire6,7,Salle1
0.384615384615385,Ancre2,Trajectoire6,8,Salle1
0.412307692307692,Ancre2,Trajectoire6,9,Salle1
0.495384615384615,Ancre2,Trajectoire6,10,Salle1
0.52,Ancre2,Trajectoire6,11,Salle1
0.513846153846154,Ancre2,Trajectoire6,12,Salle1
0.532307692307692,Ancre2,Trajectoire6,13,Salle1
0.513846153846154,Ancre2,Trajectoire6,14,Salle1
0.544615384615385,Ancre2,Trajectoire6,15,Salle1
0.606153846153846,Ancre2,Trajectoire6,16,Salle1
-0.71795,Ancre3,Trajectoire6,1,Salle1
-0.794870769230769,Ancre3,Trajectoire6,2,Salle1
-0.692308461538462,Ancre3,Trajectoire6,3,Salle1
-0.721611538461539,Ancre3,Trajectoire6,4,Salle1
-0.791209230769231,Ancre3,Trajectoire6,5,Salle1
-0.824175384615385,Ancre3,Trajectoire6,6,Salle1
-0.794870769230769,Ancre3,Trajectoire6,7,Salle1
-0.747253076923077,Ancre3,Trajectoire6,8,Salle1
-0.743589230769231,Ancre3,Trajectoire6,9,Salle1
-0.703296923076923,Ancre3,Trajectoire6,10,Salle1
-0.692306923076923,Ancre3,Trajectoire6,11,Salle1
-0.703296923076923,Ancre3,Trajectoire6,12,Salle1
-0.681318461538462,Ancre3,Trajectoire6,13,Salle1
-0.677656153846154,Ancre3,Trajectoire6,14,Salle1
-0.666666153846154,Ancre3,Trajectoire6,15,Salle1
-0.626373076923077,Ancre3,Trajectoire6,16,Salle1
-0.792307692307692,Ancre4,Trajectoire6,1,Salle1
-0.796153846153846,Ancre4,Trajectoire6,2,Salle1
-0.796153846153846,Ancre4,Trajectoire6,3,Salle1
-0.8,Ancre4,Trajectoire6,4,Salle1
-0.815384615384615,Ancre4,Trajectoire6,5,Salle1
-0.765384615384615,Ancre4,Trajectoire6,6,Salle1
-0.742307692307692,Ancre4,Trajectoire6,7,Salle1
-0.723076923076923,Ancre4,Trajectoire6,8,Salle1
-0.757692307692308,Ancre4,Trajectoire6,9,Salle1
-0.707692307692308,Ancre4,Trajectoire6,10,Salle1
-0.784615384615385,Ancre4,Trajectoire6,11,Salle1
-0.684615384615385,Ancre4,Trajectoire6,12,Salle1
-0.780769230769231,Ancre4,Trajectoire6,13,Salle1
-0.715384615384616,Ancre4,Trajectoire6,14,Salle1
-0.626923076923077,Ancre4,Trajectoire6,15,Salle1
-0.619230769230769,Ancre4,Trajectoire6,16,Salle1
0.374358615384615,Ancre1,Trajectoire1,1,Salle2
0.401708730769231,Ancre1,Trajectoire1,2,Salle2
0.452990769230769,Ancre1,Trajectoire1,3,Salle2
0.410255538461538,Ancre1,Trajectoire1,4,Salle2
0.369230230769231,Ancre1,Trajectoire1,5,Salle2
0.417093538461539,Ancre1,Trajectoire1,6,Salle2
0.408547115384615,Ancre1,Trajectoire1,7,Salle2
0.495726269230769,Ancre1,Trajectoire1,8,Salle2
0.490598692307692,Ancre1,Trajectoire1,9,Salle2
0.478632846153846,Ancre1,Trajectoire1,10,Salle2
0.435897538461538,Ancre1,Trajectoire1,11,Salle2
0.487178846153846,Ancre1,Trajectoire1,12,Salle2
0.531623730769231,Ancre1,Trajectoire1,13,Salle2
0.483760423076923,Ancre1,Trajectoire1,14,Salle2
0.523077076923077,Ancre1,Trajectoire1,15,Salle2
0.480341961538462,Ancre1,Trajectoire1,16,Salle2
0.238658230769231,Ancre2,Trajectoire1,1,Salle2
0.167653076923077,Ancre2,Trajectoire1,2,Salle2
0.222880269230769,Ancre2,Trajectoire1,3,Salle2
0.203156192307692,Ancre2,Trajectoire1,4,Salle2
0.242603423076923,Ancre2,Trajectoire1,5,Salle2
0.360947115384615,Ancre2,Trajectoire1,6,Salle2
0.303747769230769,Ancre2,Trajectoire1,7,Salle2
0.325445269230769,Ancre2,Trajectoire1,8,Salle2
0.268245153846154,Ancre2,Trajectoire1,9,Salle2
0.284023923076923,Ancre2,Trajectoire1,10,Salle2
0.335305692307692,Ancre2,Trajectoire1,11,Salle2
0.272189423076923,Ancre2,Trajectoire1,12,Salle2
0.258383115384616,Ancre2,Trajectoire1,13,Salle2
0.207101538461539,Ancre2,Trajectoire1,14,Salle2
0.313610346153846,Ancre2,Trajectoire1,15,Salle2
0.228796076923077,Ancre2,Trajectoire1,16,Salle2
-0.575176153846154,Ancre3,Trajectoire1,1,Salle2
-0.559440846153846,Ancre3,Trajectoire1,2,Salle2
-0.61014,Ancre3,Trajectoire1,3,Salle2
-0.611888307692308,Ancre3,Trajectoire1,4,Salle2
-0.613636807692307,Ancre3,Trajectoire1,5,Salle2
-0.667831769230769,Ancre3,Trajectoire1,6,Salle2
-0.627622923076923,Ancre3,Trajectoire1,7,Salle2
-0.716784038461539,Ancre3,Trajectoire1,8,Salle2
-0.736015,Ancre3,Trajectoire1,9,Salle2
-0.683566730769231,Ancre3,Trajectoire1,10,Salle2
-0.666085192307692,Ancre3,Trajectoire1,11,Salle2
-0.694056923076923,Ancre3,Trajectoire1,12,Salle2
-0.648600961538461,Ancre3,Trajectoire1,13,Salle2
-0.687063615384615,Ancre3,Trajectoire1,14,Salle2
-0.659091884615385,Ancre3,Trajectoire1,15,Salle2
-0.666084230769231,Ancre3,Trajectoire1,16,Salle2
-0.402930769230769,Ancre4,Trajectoire1,1,Salle2
-0.375458038461539,Ancre4,Trajectoire1,2,Salle2
-0.382783884615385,Ancre4,Trajectoire1,3,Salle2
-0.4981685,Ancre4,Trajectoire1,4,Salle2
-0.439560038461539,Ancre4,Trajectoire1,5,Salle2
-0.492673769230769,Ancre4,Trajectoire1,6,Salle2
-0.423076730769231,Ancre4,Trajectoire1,7,Salle2
-0.424908961538462,Ancre4,Trajectoire1,8,Salle2
-0.463369923076923,Ancre4,Trajectoire1,9,Salle2
-0.523809153846154,Ancre4,Trajectoire1,10,Salle2
-0.510988769230769,Ancre4,Trajectoire1,11,Salle2
-0.558607615384615,Ancre4,Trajectoire1,12,Salle2
-0.492673538461539,Ancre4,Trajectoire1,13,Salle2
-0.501831576923077,Ancre4,Trajectoire1,14,Salle2
-0.521978038461539,Ancre4,Trajectoire1,15,Salle2
-0.48718,Ancre4,Trajectoire1,16,Salle2
0.241025076923077,Ancre1,Trajectoire2,1,Salle2
0.234187076923077,Ancre1,Trajectoire2,2,Salle2
0.288888461538462,Ancre1,Trajectoire2,3,Salle2
0.295726923076923,Ancre1,Trajectoire2,4,Salle2
0.299145384615385,Ancre1,Trajectoire2,5,Salle2
0.388033846153846,Ancre1,Trajectoire2,6,Salle2
0.350427692307692,Ancre1,Trajectoire2,7,Salle2
0.422222307692308,Ancre1,Trajectoire2,8,Salle2
0.411965692307692,Ancre1,Trajectoire2,9,Salle2
0.435897461538462,Ancre1,Trajectoire2,10,Salle2
0.473504384615385,Ancre1,Trajectoire2,11,Salle2
0.435897615384615,Ancre1,Trajectoire2,12,Salle2
0.466666923076923,Ancre1,Trajectoire2,13,Salle2
0.418803076923077,Ancre1,Trajectoire2,14,Salle2
0.381195923076923,Ancre1,Trajectoire2,15,Salle2
0.411965615384615,Ancre1,Trajectoire2,16,Salle2
0.104537461538462,Ancre2,Trajectoire2,1,Salle2
0.155818,Ancre2,Trajectoire2,2,Salle2
0.116371230769231,Ancre2,Trajectoire2,3,Salle2
0.0927029230769231,Ancre2,Trajectoire2,4,Salle2
0.183432076923077,Ancre2,Trajectoire2,5,Salle2
0.258381846153846,Ancre2,Trajectoire2,6,Salle2
0.167652769230769,Ancre2,Trajectoire2,7,Salle2
0.404340307692308,Ancre2,Trajectoire2,8,Salle2
0.341221846153846,Ancre2,Trajectoire2,9,Salle2
0.246549230769231,Ancre2,Trajectoire2,10,Salle2
0.384616461538462,Ancre2,Trajectoire2,11,Salle2
0.329388615384615,Ancre2,Trajectoire2,12,Salle2
0.39645,Ancre2,Trajectoire2,13,Salle2
0.333333076923077,Ancre2,Trajectoire2,14,Salle2
0.368836846153846,Ancre2,Trajectoire2,15,Salle2
0.333333769230769,Ancre2,Trajectoire2,16,Salle2
-0.744756153846154,Ancre3,Trajectoire2,1,Salle2
-0.674824615384616,Ancre3,Trajectoire2,2,Salle2
-0.590908846153846,Ancre3,Trajectoire2,3,Salle2
-0.611888384615385,Ancre3,Trajectoire2,4,Salle2
-0.685314615384615,Ancre3,Trajectoire2,5,Salle2
-0.580419230769231,Ancre3,Trajectoire2,6,Salle2
-0.604894538461539,Ancre3,Trajectoire2,7,Salle2
-0.664336153846154,Ancre3,Trajectoire2,8,Salle2
-0.664334615384615,Ancre3,Trajectoire2,9,Salle2
-0.62937,Ancre3,Trajectoire2,10,Salle2
-0.685315384615385,Ancre3,Trajectoire2,11,Salle2
-0.685314615384616,Ancre3,Trajectoire2,12,Salle2
-0.685315384615385,Ancre3,Trajectoire2,13,Salle2
-0.671328461538462,Ancre3,Trajectoire2,14,Salle2
-0.688810769230769,Ancre3,Trajectoire2,15,Salle2
-0.615385384615385,Ancre3,Trajectoire2,16,Salle2
-0.234431461538462,Ancre4,Trajectoire2,1,Salle2
-0.164833769230769,Ancre4,Trajectoire2,2,Salle2
-0.241757615384615,Ancre4,Trajectoire2,3,Salle2
-0.28205,Ancre4,Trajectoire2,4,Salle2
-0.300366923076923,Ancre4,Trajectoire2,5,Salle2
-0.263737076923077,Ancre4,Trajectoire2,6,Salle2
-0.315017846153846,Ancre4,Trajectoire2,7,Salle2
-0.391941538461539,Ancre4,Trajectoire2,8,Salle2
-0.51282,Ancre4,Trajectoire2,9,Salle2
-0.483515230769231,Ancre4,Trajectoire2,10,Salle2
-0.421244461538462,Ancre4,Trajectoire2,11,Salle2
-0.498167538461539,Ancre4,Trajectoire2,12,Salle2
-0.432233846153846,Ancre4,Trajectoire2,13,Salle2
-0.406592307692308,Ancre4,Trajectoire2,14,Salle2
-0.443223076923077,Ancre4,Trajectoire2,15,Salle2
-0.520146,Ancre4,Trajectoire2,16,Salle2
0.186323846153846,Ancre1,Trajectoire3,1,Salle2
0.182905923076923,Ancre1,Trajectoire3,2,Salle2
0.258118384615385,Ancre1,Trajectoire3,3,Salle2
0.179486923076923,Ancre1,Trajectoire3,4,Salle2
0.152136692307692,Ancre1,Trajectoire3,5,Salle2
0.158974076923077,Ancre1,Trajectoire3,6,Salle2
0.210256846153846,Ancre1,Trajectoire3,7,Salle2
0.261537923076923,Ancre1,Trajectoire3,8,Salle2
0.145297692307692,Ancre1,Trajectoire3,9,Salle2
0.141880769230769,Ancre1,Trajectoire3,10,Salle2
0.302564384615385,Ancre1,Trajectoire3,11,Salle2
0.254700769230769,Ancre1,Trajectoire3,12,Salle2
0.189742769230769,Ancre1,Trajectoire3,13,Salle2
0.162392615384615,Ancre1,Trajectoire3,14,Salle2
0.0837599230769231,Ancre1,Trajectoire3,15,Salle2
0.162392769230769,Ancre1,Trajectoire3,16,Salle2
0.506904538461539,Ancre2,Trajectoire3,1,Salle2
0.526628461538462,Ancre2,Trajectoire3,2,Salle2
0.479290769230769,Ancre2,Trajectoire3,3,Salle2
0.550296153846154,Ancre2,Trajectoire3,4,Salle2
0.641026923076923,Ancre2,Trajectoire3,5,Salle2
0.585799153846154,Ancre2,Trajectoire3,6,Salle2
0.609467692307693,Ancre2,Trajectoire3,7,Salle2
0.589743846153846,Ancre2,Trajectoire3,8,Salle2
0.47929,Ancre2,Trajectoire3,9,Salle2
0.435898230769231,Ancre2,Trajectoire3,10,Salle2
0.439842769230769,Ancre2,Trajectoire3,11,Salle2
0.396449769230769,Ancre2,Trajectoire3,12,Salle2
0.475345384615385,Ancre2,Trajectoire3,13,Salle2
0.570018692307692,Ancre2,Trajectoire3,14,Salle2
0.522683,Ancre2,Trajectoire3,15,Salle2
0.526627615384616,Ancre2,Trajectoire3,16,Salle2
-0.744756538461538,Ancre3,Trajectoire3,1,Salle2
-0.737763846153846,Ancre3,Trajectoire3,2,Salle2
-0.769231538461539,Ancre3,Trajectoire3,3,Salle2
-0.800699230769231,Ancre3,Trajectoire3,4,Salle2
-0.8007,Ancre3,Trajectoire3,5,Salle2
-0.786713846153846,Ancre3,Trajectoire3,6,Salle2
-0.902099230769231,Ancre3,Trajectoire3,7,Salle2
-0.849650769230769,Ancre3,Trajectoire3,8,Salle2
-0.884616923076923,Ancre3,Trajectoire3,9,Salle2
-0.863636923076923,Ancre3,Trajectoire3,10,Salle2
-0.919580769230769,Ancre3,Trajectoire3,11,Salle2
-0.853146923076923,Ancre3,Trajectoire3,12,Salle2
-0.874125384615385,Ancre3,Trajectoire3,13,Salle2
-0.923076923076923,Ancre3,Trajectoire3,14,Salle2
-0.807691538461538,Ancre3,Trajectoire3,15,Salle2
-0.86014,Ancre3,Trajectoire3,16,Salle2
-0.600733846153846,Ancre4,Trajectoire3,1,Salle2
-0.600733846153846,Ancre4,Trajectoire3,2,Salle2
-0.597070769230769,Ancre4,Trajectoire3,3,Salle2
-0.509158461538462,Ancre4,Trajectoire3,4,Salle2
-0.406593846153846,Ancre4,Trajectoire3,5,Salle2
-0.487180769230769,Ancre4,Trajectoire3,6,Salle2
-0.575091538461539,Ancre4,Trajectoire3,7,Salle2
-0.505495384615385,Ancre4,Trajectoire3,8,Salle2
-0.527473076923077,Ancre4,Trajectoire3,9,Salle2
-0.520146923076923,Ancre4,Trajectoire3,10,Salle2
-0.538461692307692,Ancre4,Trajectoire3,11,Salle2
-0.520146307692308,Ancre4,Trajectoire3,12,Salle2
-0.545787076923077,Ancre4,Trajectoire3,13,Salle2
-0.417582384615385,Ancre4,Trajectoire3,14,Salle2
-0.424908692307692,Ancre4,Trajectoire3,15,Salle2
-0.450548615384615,Ancre4,Trajectoire3,16,Salle2
-0.377777785714286,Ancre1,Trajectoire4,1,Salle2
-0.326984714285714,Ancre1,Trajectoire4,2,Salle2
-0.361904714285714,Ancre1,Trajectoire4,3,Salle2
-0.361904285714286,Ancre1,Trajectoire4,4,Salle2
-0.358728928571429,Ancre1,Trajectoire4,5,Salle2
-0.311110785714286,Ancre1,Trajectoire4,6,Salle2
-0.295237071428571,Ancre1,Trajectoire4,7,Salle2
-0.279364714285714,Ancre1,Trajectoire4,8,Salle2
-0.273015428571429,Ancre1,Trajectoire4,9,Salle2
-0.368254,Ancre1,Trajectoire4,10,Salle2
-0.326984357142857,Ancre1,Trajectoire4,11,Salle2
-0.257142285714286,Ancre1,Trajectoire4,12,Salle2
-0.260317285714286,Ancre1,Trajectoire4,13,Salle2
-0.253968642857143,Ancre1,Trajectoire4,14,Salle2
-0.384127,Ancre1,Trajectoire4,15,Salle2
-0.399999285714286,Ancre1,Trajectoire4,16,Salle2
-0.487180285714286,Ancre2,Trajectoire4,1,Salle2
-0.443223357142857,Ancre2,Trajectoire4,2,Salle2
-0.424908571428571,Ancre2,Trajectoire4,3,Salle2
-0.435897785714286,Ancre2,Trajectoire4,4,Salle2
-0.498170071428571,Ancre2,Trajectoire4,5,Salle2
-0.494504785714286,Ancre2,Trajectoire4,6,Salle2
-0.545786642857143,Ancre2,Trajectoire4,7,Salle2
-0.604395714285714,Ancre2,Trajectoire4,8,Salle2
-0.608058785714286,Ancre2,Trajectoire4,9,Salle2
-0.633699785714286,Ancre2,Trajectoire4,10,Salle2
-0.659341214285714,Ancre2,Trajectoire4,11,Salle2
-0.630037142857143,Ancre2,Trajectoire4,12,Salle2
-0.699634785714286,Ancre2,Trajectoire4,13,Salle2
-0.776557142857143,Ancre2,Trajectoire4,14,Salle2
-0.860807857142857,Ancre2,Trajectoire4,15,Salle2
-0.780218642857143,Ancre2,Trajectoire4,16,Salle2
0.159090142857143,Ancre3,Trajectoire4,1,Salle2
0.204545571428571,Ancre3,Trajectoire4,2,Salle2
0.165584214285714,Ancre3,Trajectoire4,3,Salle2
0.149349642857143,Ancre3,Trajectoire4,4,Salle2
0.178571928571429,Ancre3,Trajectoire4,5,Salle2
0.159091214285714,Ancre3,Trajectoire4,6,Salle2
0.159090642857143,Ancre3,Trajectoire4,7,Salle2
0.201297642857143,Ancre3,Trajectoire4,8,Salle2
0.178571357142857,Ancre3,Trajectoire4,9,Salle2
0.204544857142857,Ancre3,Trajectoire4,10,Salle2
0.269481285714286,Ancre3,Trajectoire4,11,Salle2
0.185065642857143,Ancre3,Trajectoire4,12,Salle2
0.214285142857143,Ancre3,Trajectoire4,13,Salle2
0.198052357142857,Ancre3,Trajectoire4,14,Salle2
0.181817071428571,Ancre3,Trajectoire4,15,Salle2
0.0876620714285714,Ancre3,Trajectoire4,16,Salle2
0.0544208571428572,Ancre4,Trajectoire4,1,Salle2
0.0136052857142857,Ancre4,Trajectoire4,2,Salle2
0.0544218571428571,Ancre4,Trajectoire4,3,Salle2
-0.0170067142857143,Ancre4,Trajectoire4,4,Salle2
0.0170065,Ancre4,Trajectoire4,5,Salle2
0.00680164285714286,Ancre4,Trajectoire4,6,Salle2
0.0170068571428571,Ancre4,Trajectoire4,7,Salle2
0.125850642857143,Ancre4,Trajectoire4,8,Salle2
0.0680277857142857,Ancre4,Trajectoire4,9,Salle2
0.0782318571428571,Ancre4,Trajectoire4,10,Salle2
0.0986395,Ancre4,Trajectoire4,11,Salle2
0.1326535,Ancre4,Trajectoire4,12,Salle2
0.0204077857142857,Ancre4,Trajectoire4,13,Salle2
0.0986392142857143,Ancre4,Trajectoire4,14,Salle2
0.0918363571428571,Ancre4,Trajectoire4,15,Salle2
0.122447642857143,Ancre4,Trajectoire4,16,Salle2
-0.340171615384615,Ancre1,Trajectoire5,1,Salle2
-0.235898461538462,Ancre1,Trajectoire5,2,Salle2
-0.347009384615385,Ancre1,Trajectoire5,3,Salle2
-0.3606845,Ancre1,Trajectoire5,4,Salle2
-0.358974615384615,Ancre1,Trajectoire5,5,Salle2
-0.382906307692308,Ancre1,Trajectoire5,6,Salle2
-0.417094153846154,Ancre1,Trajectoire5,7,Salle2
-0.415385153846154,Ancre1,Trajectoire5,8,Salle2
-0.391453192307692,Ancre1,Trajectoire5,9,Salle2
-0.430769230769231,Ancre1,Trajectoire5,10,Salle2
-0.376067769230769,Ancre1,Trajectoire5,11,Salle2
-0.391451692307692,Ancre1,Trajectoire5,12,Salle2
-0.328204307692308,Ancre1,Trajectoire5,13,Salle2
-0.294017076923077,Ancre1,Trajectoire5,14,Salle2
-0.336752730769231,Ancre1,Trajectoire5,15,Salle2
-0.381196576923077,Ancre1,Trajectoire5,16,Salle2
-0.583827269230769,Ancre2,Trajectoire5,1,Salle2
-0.548323423076923,Ancre2,Trajectoire5,2,Salle2
-0.558185730769231,Ancre2,Trajectoire5,3,Salle2
-0.694281576923077,Ancre2,Trajectoire5,4,Salle2
-0.658778192307692,Ancre2,Trajectoire5,5,Salle2
-0.664695769230769,Ancre2,Trajectoire5,6,Salle2
-0.731755769230769,Ancre2,Trajectoire5,7,Salle2
-0.642998846153846,Ancre2,Trajectoire5,8,Salle2
-0.737674230769231,Ancre2,Trajectoire5,9,Salle2
-0.704143076923077,Ancre2,Trajectoire5,10,Salle2
-0.698225,Ancre2,Trajectoire5,11,Salle2
-0.712032692307692,Ancre2,Trajectoire5,12,Salle2
-0.694280769230769,Ancre2,Trajectoire5,13,Salle2
-0.635109653846154,Ancre2,Trajectoire5,14,Salle2
-0.613413076923077,Ancre2,Trajectoire5,15,Salle2
-0.656805,Ancre2,Trajectoire5,16,Salle2
0.349651307692308,Ancre3,Trajectoire5,1,Salle2
0.396853346153846,Ancre3,Trajectoire5,2,Salle2
0.311189307692308,Ancre3,Trajectoire5,3,Salle2
0.435315076923077,Ancre3,Trajectoire5,4,Salle2
0.423077230769231,Ancre3,Trajectoire5,5,Salle2
0.382867653846154,Ancre3,Trajectoire5,6,Salle2
0.445804807692308,Ancre3,Trajectoire5,7,Salle2
0.354895807692308,Ancre3,Trajectoire5,8,Salle2
0.381119846153846,Ancre3,Trajectoire5,9,Salle2
0.396853769230769,Ancre3,Trajectoire5,10,Salle2
0.398601692307692,Ancre3,Trajectoire5,11,Salle2
0.445804192307692,Ancre3,Trajectoire5,12,Salle2
0.559441307692308,Ancre3,Trajectoire5,13,Salle2
0.526225038461539,Ancre3,Trajectoire5,14,Salle2
0.533217384615385,Ancre3,Trajectoire5,15,Salle2
0.508743038461538,Ancre3,Trajectoire5,16,Salle2
0.357142384615385,Ancre4,Trajectoire5,1,Salle2
0.326006923076923,Ancre4,Trajectoire5,2,Salle2
0.305861461538462,Ancre4,Trajectoire5,3,Salle2
0.349816807692308,Ancre4,Trajectoire5,4,Salle2
0.340659038461538,Ancre4,Trajectoire5,5,Salle2
0.340658807692308,Ancre4,Trajectoire5,6,Salle2
0.404761423076923,Ancre4,Trajectoire5,7,Salle2
0.446885269230769,Ancre4,Trajectoire5,8,Salle2
0.413918769230769,Ancre4,Trajectoire5,9,Salle2
0.402930269230769,Ancre4,Trajectoire5,10,Salle2
0.448717307692308,Ancre4,Trajectoire5,11,Salle2
0.463368846153846,Ancre4,Trajectoire5,12,Salle2
0.421243846153846,Ancre4,Trajectoire5,13,Salle2
0.468863076923077,Ancre4,Trajectoire5,14,Salle2
0.373625,Ancre4,Trajectoire5,15,Salle2
0.437728423076923,Ancre4,Trajectoire5,16,Salle2
-0.422222642857143,Ancre1,Trajectoire6,1,Salle2
-0.387301357142857,Ancre1,Trajectoire6,2,Salle2
-0.441269642857143,Ancre1,Trajectoire6,3,Salle2
-0.492063214285714,Ancre1,Trajectoire6,4,Salle2
-0.5015875,Ancre1,Trajectoire6,5,Salle2
-0.533334071428571,Ancre1,Trajectoire6,6,Salle2
-0.495239142857143,Ancre1,Trajectoire6,7,Salle2
-0.501587428571429,Ancre1,Trajectoire6,8,Salle2
-0.460318642857143,Ancre1,Trajectoire6,9,Salle2
-0.523811,Ancre1,Trajectoire6,10,Salle2
-0.577777857142857,Ancre1,Trajectoire6,11,Salle2
-0.561905,Ancre1,Trajectoire6,12,Salle2
-0.517460714285714,Ancre1,Trajectoire6,13,Salle2
-0.460318071428571,Ancre1,Trajectoire6,14,Salle2
-0.501586642857143,Ancre1,Trajectoire6,15,Salle2
-0.558730285714286,Ancre1,Trajectoire6,16,Salle2
-0.630037142857143,Ancre2,Trajectoire6,1,Salle2
-0.545789285714286,Ancre2,Trajectoire6,2,Salle2
-0.567765714285714,Ancre2,Trajectoire6,3,Salle2
-0.567765714285714,Ancre2,Trajectoire6,4,Salle2
-0.589743785714286,Ancre2,Trajectoire6,5,Salle2
-0.637363571428571,Ancre2,Trajectoire6,6,Salle2
-0.608059285714286,Ancre2,Trajectoire6,7,Salle2
-0.549450714285714,Ancre2,Trajectoire6,8,Salle2
-0.641026428571429,Ancre2,Trajectoire6,9,Salle2
-0.487179214285714,Ancre2,Trajectoire6,10,Salle2
-0.560440071428571,Ancre2,Trajectoire6,11,Salle2
-0.641026428571429,Ancre2,Trajectoire6,12,Salle2
-0.567763571428572,Ancre2,Trajectoire6,13,Salle2
-0.630037357142857,Ancre2,Trajectoire6,14,Salle2
-0.604396642857143,Ancre2,Trajectoire6,15,Salle2
-0.538461428571429,Ancre2,Trajectoire6,16,Salle2
0.149350642857143,Ancre3,Trajectoire6,1,Salle2
0.107142428571429,Ancre3,Trajectoire6,2,Salle2
0.139609785714286,Ancre3,Trajectoire6,3,Salle2
0.191559285714286,Ancre3,Trajectoire6,4,Salle2
0.0681815714285714,Ancre3,Trajectoire6,5,Salle2
0.165584642857143,Ancre3,Trajectoire6,6,Salle2
0.2402605,Ancre3,Trajectoire6,7,Salle2
0.198053,Ancre3,Trajectoire6,8,Salle2
0.129870642857143,Ancre3,Trajectoire6,9,Salle2
0.262987,Ancre3,Trajectoire6,10,Salle2
0.139610785714286,Ancre3,Trajectoire6,11,Salle2
0.217532928571429,Ancre3,Trajectoire6,12,Salle2
0.292208357142857,Ancre3,Trajectoire6,13,Salle2
0.347402428571429,Ancre3,Trajectoire6,14,Salle2
0.279220214285714,Ancre3,Trajectoire6,15,Salle2
0.292207,Ancre3,Trajectoire6,16,Salle2
0.625851428571429,Ancre4,Trajectoire6,1,Salle2
0.585032857142857,Ancre4,Trajectoire6,2,Salle2
0.588435,Ancre4,Trajectoire6,3,Salle2
0.547617857142857,Ancre4,Trajectoire6,4,Salle2
0.561223571428572,Ancre4,Trajectoire6,5,Salle2
0.588435,Ancre4,Trajectoire6,6,Salle2
0.513605,Ancre4,Trajectoire6,7,Salle2
0.534012857142857,Ancre4,Trajectoire6,8,Salle2
0.5034015,Ancre4,Trajectoire6,9,Salle2
0.530611428571429,Ancre4,Trajectoire6,10,Salle2
0.622447857142857,Ancre4,Trajectoire6,11,Salle2
0.588435714285714,Ancre4,Trajectoire6,12,Salle2
0.534013571428571,Ancre4,Trajectoire6,13,Salle2
0.517007142857143,Ancre4,Trajectoire6,14,Salle2
0.517005714285714,Ancre4,Trajectoire6,15,Salle2
0.4217685,Ancre4,Trajectoire6,16,Salle2
0.232323185185185,Ancre1,Trajectoire1,1,Salle3
0.247473074074074,Ancre1,Trajectoire1,2,Salle3
0.271043222222222,Ancre1,Trajectoire1,3,Salle3
0.346801518518519,Ancre1,Trajectoire1,4,Salle3
0.375420740740741,Ancre1,Trajectoire1,5,Salle3
0.311448222222222,Ancre1,Trajectoire1,6,Salle3
0.324916,Ancre1,Trajectoire1,7,Salle3
0.301347518518519,Ancre1,Trajectoire1,8,Salle3
0.340067703703704,Ancre1,Trajectoire1,9,Salle3
0.361953814814815,Ancre1,Trajectoire1,10,Salle3
0.338383888888889,Ancre1,Trajectoire1,11,Salle3
0.400674222222222,Ancre1,Trajectoire1,12,Salle3
0.429293777777778,Ancre1,Trajectoire1,13,Salle3
0.436027518518518,Ancre1,Trajectoire1,14,Salle3
0.424243185185185,Ancre1,Trajectoire1,15,Salle3
0.412457888888889,Ancre1,Trajectoire1,16,Salle3
0.000822518518518518,Ancre2,Trajectoire1,1,Salle3
-0.0139918148148148,Ancre2,Trajectoire1,2,Salle3
0.0814814074074074,Ancre2,Trajectoire1,3,Salle3
0.0288062962962963,Ancre2,Trajectoire1,4,Salle3
0.0847728518518518,Ancre2,Trajectoire1,5,Salle3
0.0485596666666667,Ancre2,Trajectoire1,6,Salle3
0.0436217407407407,Ancre2,Trajectoire1,7,Salle3
0.0699588888888889,Ancre2,Trajectoire1,8,Salle3
0.0304525185185185,Ancre2,Trajectoire1,9,Salle3
0.0683125185185185,Ancre2,Trajectoire1,10,Salle3
0.000823111111111113,Ancre2,Trajectoire1,11,Salle3
0.0864188888888889,Ancre2,Trajectoire1,12,Salle3
0.129218185185185,Ancre2,Trajectoire1,13,Salle3
0.0732501111111111,Ancre2,Trajectoire1,14,Salle3
0.117694851851852,Ancre2,Trajectoire1,15,Salle3
0.0962966296296296,Ancre2,Trajectoire1,16,Salle3
-0.446913740740741,Ancre3,Trajectoire1,1,Salle3
-0.527571740740741,Ancre3,Trajectoire1,2,Salle3
-0.532509851851852,Ancre3,Trajectoire1,3,Salle3
-0.529218407407408,Ancre3,Trajectoire1,4,Salle3
-0.57201562962963,Ancre3,Trajectoire1,5,Salle3
-0.516048407407407,Ancre3,Trajectoire1,6,Salle3
-0.572016296296296,Ancre3,Trajectoire1,7,Salle3
-0.669135814814815,Ancre3,Trajectoire1,8,Salle3
-0.616461,Ancre3,Trajectoire1,9,Salle3
-0.596707777777778,Ancre3,Trajectoire1,10,Salle3
-0.54897037037037,Ancre3,Trajectoire1,11,Salle3
-0.580247296296296,Ancre3,Trajectoire1,12,Salle3
-0.603291481481482,Ancre3,Trajectoire1,13,Salle3
-0.642797777777778,Ancre3,Trajectoire1,14,Salle3
-0.679011851851852,Ancre3,Trajectoire1,15,Salle3
-0.634567777777778,Ancre3,Trajectoire1,16,Salle3
-0.479904333333333,Ancre4,Trajectoire1,1,Salle3
-0.524033333333333,Ancre4,Trajectoire1,2,Salle3
-0.453111962962963,Ancre4,Trajectoire1,3,Salle3
-0.489361,Ancre4,Trajectoire1,4,Salle3
-0.519306037037037,Ancre4,Trajectoire1,5,Salle3
-0.478329,Ancre4,Trajectoire1,6,Salle3
-0.368005777777778,Ancre4,Trajectoire1,7,Salle3
-0.388494074074074,Ancre4,Trajectoire1,8,Salle3
-0.421591111111111,Ancre4,Trajectoire1,9,Salle3
-0.424743703703704,Ancre4,Trajectoire1,10,Salle3
-0.423167296296296,Ancre4,Trajectoire1,11,Salle3
-0.489360518518519,Ancre4,Trajectoire1,12,Salle3
-0.475176296296296,Ancre4,Trajectoire1,13,Salle3
-0.487784444444444,Ancre4,Trajectoire1,14,Salle3
-0.446807037037037,Ancre4,Trajectoire1,15,Salle3
-0.451535185185185,Ancre4,Trajectoire1,16,Salle3
0.178030166666667,Ancre1,Trajectoire2,1,Salle3
0.223485583333333,Ancre1,Trajectoire2,2,Salle3
0.212121333333333,Ancre1,Trajectoire2,3,Salle3
0.234848416666667,Ancre1,Trajectoire2,4,Salle3
0.147727833333333,Ancre1,Trajectoire2,5,Salle3
0.178030333333333,Ancre1,Trajectoire2,6,Salle3
0.215909583333333,Ancre1,Trajectoire2,7,Salle3
0.196969666666667,Ancre1,Trajectoire2,8,Salle3
0.227272666666667,Ancre1,Trajectoire2,9,Salle3
0.291667083333333,Ancre1,Trajectoire2,10,Salle3
0.329546166666667,Ancre1,Trajectoire2,11,Salle3
0.299242,Ancre1,Trajectoire2,12,Salle3
0.37878775,Ancre1,Trajectoire2,13,Salle3
0.356060166666667,Ancre1,Trajectoire2,14,Salle3
0.359848583333333,Ancre1,Trajectoire2,15,Salle3
0.405303916666667,Ancre1,Trajectoire2,16,Salle3
0.0629625833333333,Ancre2,Trajectoire2,1,Salle3
0.0777769166666667,Ancre2,Trajectoire2,2,Salle3
0.0703696666666667,Ancre2,Trajectoire2,3,Salle3
0.177776583333333,Ancre2,Trajectoire2,4,Salle3
0.0629633333333333,Ancre2,Trajectoire2,5,Salle3
0.13703725,Ancre2,Trajectoire2,6,Salle3
0.0888873333333333,Ancre2,Trajectoire2,7,Salle3
0.162961833333333,Ancre2,Trajectoire2,8,Salle3
0.177777666666667,Ancre2,Trajectoire2,9,Salle3
0.0185185,Ancre2,Trajectoire2,10,Salle3
0.118518333333333,Ancre2,Trajectoire2,11,Salle3
0.177776666666667,Ancre2,Trajectoire2,12,Salle3
0.200000083333333,Ancre2,Trajectoire2,13,Salle3
0.188888416666667,Ancre2,Trajectoire2,14,Salle3
0.0481484166666667,Ancre2,Trajectoire2,15,Salle3
0.092592,Ancre2,Trajectoire2,16,Salle3
-0.662964166666667,Ancre3,Trajectoire2,1,Salle3
-0.5518525,Ancre3,Trajectoire2,2,Salle3
-0.6518525,Ancre3,Trajectoire2,3,Salle3
-0.56296275,Ancre3,Trajectoire2,4,Salle3
-0.544443583333333,Ancre3,Trajectoire2,5,Salle3
-0.4925925,Ancre3,Trajectoire2,6,Salle3
-0.6370375,Ancre3,Trajectoire2,7,Salle3
-0.600000583333333,Ancre3,Trajectoire2,8,Salle3
-0.60740775,Ancre3,Trajectoire2,9,Salle3
-0.633332666666667,Ancre3,Trajectoire2,10,Salle3
-0.7222225,Ancre3,Trajectoire2,11,Salle3
-0.729629166666667,Ancre3,Trajectoire2,12,Salle3
-0.699998333333333,Ancre3,Trajectoire2,13,Salle3
-0.5777775,Ancre3,Trajectoire2,14,Salle3
-0.62962975,Ancre3,Trajectoire2,15,Salle3
-0.655555583333333,Ancre3,Trajectoire2,16,Salle3
-0.425530833333333,Ancre4,Trajectoire2,1,Salle3
-0.4609925,Ancre4,Trajectoire2,2,Salle3
-0.44326225,Ancre4,Trajectoire2,3,Salle3
-0.457446416666667,Ancre4,Trajectoire2,4,Salle3
-0.507091666666667,Ancre4,Trajectoire2,5,Salle3
-0.5567375,Ancre4,Trajectoire2,6,Salle3
-0.531915,Ancre4,Trajectoire2,7,Salle3
-0.585105833333333,Ancre4,Trajectoire2,8,Salle3
-0.574466666666667,Ancre4,Trajectoire2,9,Salle3
-0.499998333333333,Ancre4,Trajectoire2,10,Salle3
-0.47163,Ancre4,Trajectoire2,11,Salle3
-0.492906666666667,Ancre4,Trajectoire2,12,Salle3
-0.5106375,Ancre4,Trajectoire2,13,Salle3
-0.468084416666667,Ancre4,Trajectoire2,14,Salle3
-0.47872275,Ancre4,Trajectoire2,15,Salle3
-0.47872275,Ancre4,Trajectoire2,16,Salle3
0.31439325,Ancre1,Trajectoire3,1,Salle3
0.265151583333333,Ancre1,Trajectoire3,2,Salle3
0.306818333333333,Ancre1,Trajectoire3,3,Salle3
0.348485583333333,Ancre1,Trajectoire3,4,Salle3
0.37878825,Ancre1,Trajectoire3,5,Salle3
0.299243333333333,Ancre1,Trajectoire3,6,Salle3
0.325757583333333,Ancre1,Trajectoire3,7,Salle3
0.299242583333333,Ancre1,Trajectoire3,8,Salle3
0.215909666666667,Ancre1,Trajectoire3,9,Salle3
0.280303666666667,Ancre1,Trajectoire3,10,Salle3
0.276515416666667,Ancre1,Trajectoire3,11,Salle3
0.306818833333333,Ancre1,Trajectoire3,12,Salle3
0.227273333333333,Ancre1,Trajectoire3,13,Salle3
0.287879583333333,Ancre1,Trajectoire3,14,Salle3
0.30303075,Ancre1,Trajectoire3,15,Salle3
0.329547916666667,Ancre1,Trajectoire3,16,Salle3
0.2555545,Ancre2,Trajectoire3,1,Salle3
0.188889666666667,Ancre2,Trajectoire3,2,Salle3
0.240741,Ancre2,Trajectoire3,3,Salle3
0.303703,Ancre2,Trajectoire3,4,Salle3
0.392592833333333,Ancre2,Trajectoire3,5,Salle3
0.392592916666667,Ancre2,Trajectoire3,6,Salle3
0.348148083333333,Ancre2,Trajectoire3,7,Salle3
0.3666675,Ancre2,Trajectoire3,8,Salle3
0.399999166666667,Ancre2,Trajectoire3,9,Salle3
0.392592583333333,Ancre2,Trajectoire3,10,Salle3
0.248148916666667,Ancre2,Trajectoire3,11,Salle3
0.359258333333333,Ancre2,Trajectoire3,12,Salle3
0.396294833333333,Ancre2,Trajectoire3,13,Salle3
0.340740833333333,Ancre2,Trajectoire3,14,Salle3
0.325926083333333,Ancre2,Trajectoire3,15,Salle3
0.251851,Ancre2,Trajectoire3,16,Salle3
-0.670370333333333,Ancre3,Trajectoire3,1,Salle3
-0.69629625,Ancre3,Trajectoire3,2,Salle3
-0.711110833333333,Ancre3,Trajectoire3,3,Salle3
-0.751850833333333,Ancre3,Trajectoire3,4,Salle3
-0.685186666666667,Ancre3,Trajectoire3,5,Salle3
-0.692593333333333,Ancre3,Trajectoire3,6,Salle3
-0.72963,Ancre3,Trajectoire3,7,Salle3
-0.8481475,Ancre3,Trajectoire3,8,Salle3
-0.7444425,Ancre3,Trajectoire3,9,Salle3
-0.7666675,Ancre3,Trajectoire3,10,Salle3
-0.7666675,Ancre3,Trajectoire3,11,Salle3
-0.703704166666667,Ancre3,Trajectoire3,12,Salle3
-0.8222225,Ancre3,Trajectoire3,13,Salle3
-0.759259166666667,Ancre3,Trajectoire3,14,Salle3
-0.733334166666667,Ancre3,Trajectoire3,15,Salle3
-0.77037,Ancre3,Trajectoire3,16,Salle3
-0.407800833333333,Ancre4,Trajectoire3,1,Salle3
-0.43617,Ancre4,Trajectoire3,2,Salle3
-0.436171083333333,Ancre4,Trajectoire3,3,Salle3
-0.439715833333333,Ancre4,Trajectoire3,4,Salle3
-0.507091666666667,Ancre4,Trajectoire3,5,Salle3
-0.514183333333333,Ancre4,Trajectoire3,6,Salle3
-0.4964525,Ancre4,Trajectoire3,7,Salle3
-0.521275833333333,Ancre4,Trajectoire3,8,Salle3
-0.4822675,Ancre4,Trajectoire3,9,Salle3
-0.535459166666667,Ancre4,Trajectoire3,10,Salle3
-0.542551666666667,Ancre4,Trajectoire3,11,Salle3
-0.556736666666667,Ancre4,Trajectoire3,12,Salle3
-0.5602825,Ancre4,Trajectoire3,13,Salle3
-0.53546,Ancre4,Trajectoire3,14,Salle3
-0.58156,Ancre4,Trajectoire3,15,Salle3
-0.595744166666667,Ancre4,Trajectoire3,16,Salle3
-0.356643153846154,Ancre1,Trajectoire4,1,Salle3
-0.339162,Ancre1,Trajectoire4,2,Salle3
-0.524475384615385,Ancre1,Trajectoire4,3,Salle3
-0.576922615384615,Ancre1,Trajectoire4,4,Salle3
-0.527971538461538,Ancre1,Trajectoire4,5,Salle3
-0.527972384615385,Ancre1,Trajectoire4,6,Salle3
-0.419579692307692,Ancre1,Trajectoire4,7,Salle3
-0.517482692307692,Ancre1,Trajectoire4,8,Salle3
-0.580419384615384,Ancre1,Trajectoire4,9,Salle3
-0.545453615384615,Ancre1,Trajectoire4,10,Salle3
-0.590909692307692,Ancre1,Trajectoire4,11,Salle3
-0.594406538461539,Ancre1,Trajectoire4,12,Salle3
-0.59091,Ancre1,Trajectoire4,13,Salle3
-0.608391153846154,Ancre1,Trajectoire4,14,Salle3
-0.583917307692308,Ancre1,Trajectoire4,15,Salle3
-0.594407307692308,Ancre1,Trajectoire4,16,Salle3
-0.514530615384615,Ancre2,Trajectoire4,1,Salle3
-0.483761230769231,Ancre2,Trajectoire4,2,Salle3
-0.617094076923077,Ancre2,Trajectoire4,3,Salle3
-0.644444076923077,Ancre2,Trajectoire4,4,Salle3
-0.685470769230769,Ancre2,Trajectoire4,5,Salle3
-0.723078461538462,Ancre2,Trajectoire4,6,Salle3
-0.617093538461539,Ancre2,Trajectoire4,7,Salle3
-0.736753076923077,Ancre2,Trajectoire4,8,Salle3
-0.709402307692308,Ancre2,Trajectoire4,9,Salle3
-0.695725384615385,Ancre2,Trajectoire4,10,Salle3
-0.770940769230769,Ancre2,Trajectoire4,11,Salle3
-0.760684615384615,Ancre2,Trajectoire4,12,Salle3
-0.641026153846154,Ancre2,Trajectoire4,13,Salle3
-0.675213846153846,Ancre2,Trajectoire4,14,Salle3
-0.794872307692308,Ancre2,Trajectoire4,15,Salle3
-0.791453846153846,Ancre2,Trajectoire4,16,Salle3
0.350426461538462,Ancre3,Trajectoire4,1,Salle3
0.340170307692308,Ancre3,Trajectoire4,2,Salle3
0.288889,Ancre3,Trajectoire4,3,Salle3
0.347008076923077,Ancre3,Trajectoire4,4,Salle3
0.336752230769231,Ancre3,Trajectoire4,5,Salle3
0.446153384615385,Ancre3,Trajectoire4,6,Salle3
0.48376,Ancre3,Trajectoire4,7,Salle3
0.394870615384615,Ancre3,Trajectoire4,8,Salle3
0.446153615384615,Ancre3,Trajectoire4,9,Salle3
0.521366923076923,Ancre3,Trajectoire4,10,Salle3
0.435897461538461,Ancre3,Trajectoire4,11,Salle3
0.405128,Ancre3,Trajectoire4,12,Salle3
0.476923615384615,Ancre3,Trajectoire4,13,Salle3
0.497436923076923,Ancre3,Trajectoire4,14,Salle3
0.439314615384616,Ancre3,Trajectoire4,15,Salle3
0.364101307692308,Ancre3,Trajectoire4,16,Salle3
0.0441905384615385,Ancre4,Trajectoire4,1,Salle3
-0.0245494615384615,Ancre4,Trajectoire4,2,Salle3
-0.0474625384615385,Ancre4,Trajectoire4,3,Salle3
0.0245508461538461,Ancre4,Trajectoire4,4,Salle3
0.0114585384615385,Ancre4,Trajectoire4,5,Salle3
0.0147313076923077,Ancre4,Trajectoire4,6,Salle3
-0.00818207692307693,Ancre4,Trajectoire4,7,Salle3
0.0114582307692308,Ancre4,Trajectoire4,8,Salle3
0.0572859230769231,Ancre4,Trajectoire4,9,Salle3
0.0932918461538462,Ancre4,Trajectoire4,10,Salle3
0.073652076923077,Ancre4,Trajectoire4,11,Salle3
0.0441916153846154,Ancre4,Trajectoire4,12,Salle3
0.106385461538462,Ancre4,Trajectoire4,13,Salle3
0.0834713846153846,Ancre4,Trajectoire4,14,Salle3
0.00491207692307694,Ancre4,Trajectoire4,15,Salle3
0.0572851538461539,Ancre4,Trajectoire4,16,Salle3
-0.356903333333333,Ancre1,Trajectoire5,1,Salle3
-0.378789074074074,Ancre1,Trajectoire5,2,Salle3
-0.360270185185185,Ancre1,Trajectoire5,3,Salle3
-0.392256296296296,Ancre1,Trajectoire5,4,Salle3
-0.407408148148148,Ancre1,Trajectoire5,5,Salle3
-0.452863296296296,Ancre1,Trajectoire5,6,Salle3
-0.471381481481482,Ancre1,Trajectoire5,7,Salle3
-0.451179444444445,Ancre1,Trajectoire5,8,Salle3
-0.457913111111111,Ancre1,Trajectoire5,9,Salle3
-0.478115333333333,Ancre1,Trajectoire5,10,Salle3
-0.486532296296296,Ancre1,Trajectoire5,11,Salle3
-0.479798703703704,Ancre1,Trajectoire5,12,Salle3
-0.468013925925926,Ancre1,Trajectoire5,13,Salle3
-0.424242592592593,Ancre1,Trajectoire5,14,Salle3
-0.491582925925926,Ancre1,Trajectoire5,15,Salle3
-0.468013851851852,Ancre1,Trajectoire5,16,Salle3
-0.616461111111111,Ancre2,Trajectoire5,1,Salle3
-0.50781962962963,Ancre2,Trajectoire5,2,Salle3
-0.547325814814815,Ancre2,Trajectoire5,3,Salle3
-0.600000444444444,Ancre2,Trajectoire5,4,Salle3
-0.550617777777778,Ancre2,Trajectoire5,5,Salle3
-0.534157148148148,Ancre2,Trajectoire5,6,Salle3
-0.552264074074074,Ancre2,Trajectoire5,7,Salle3
-0.507818518518518,Ancre2,Trajectoire5,8,Salle3
-0.593415925925926,Ancre2,Trajectoire5,9,Salle3
-0.558848037037037,Ancre2,Trajectoire5,10,Salle3
-0.62963037037037,Ancre2,Trajectoire5,11,Salle3
-0.606584814814815,Ancre2,Trajectoire5,12,Salle3
-0.557202962962963,Ancre2,Trajectoire5,13,Salle3
-0.580247037037037,Ancre2,Trajectoire5,14,Salle3
-0.578600370370371,Ancre2,Trajectoire5,15,Salle3
-0.583540370370371,Ancre2,Trajectoire5,16,Salle3
0.369546777777778,Ancre3,Trajectoire5,1,Salle3
0.366254851851852,Ancre3,Trajectoire5,2,Salle3
0.354731444444445,Ancre3,Trajectoire5,3,Salle3
0.351440222222222,Ancre3,Trajectoire5,4,Salle3
0.318518407407407,Ancre3,Trajectoire5,5,Salle3
0.339917444444444,Ancre3,Trajectoire5,6,Salle3
0.423867518518519,Ancre3,Trajectoire5,7,Salle3
0.382716296296296,Ancre3,Trajectoire5,8,Salle3
0.400822185185185,Ancre3,Trajectoire5,9,Salle3
0.448559222222222,Ancre3,Trajectoire5,10,Salle3
0.384362777777778,Ancre3,Trajectoire5,11,Salle3
0.479834962962963,Ancre3,Trajectoire5,12,Salle3
0.441974814814815,Ancre3,Trajectoire5,13,Salle3
0.440328962962963,Ancre3,Trajectoire5,14,Salle3
0.43045237037037,Ancre3,Trajectoire5,15,Salle3
0.522633740740741,Ancre3,Trajectoire5,16,Salle3
0.292358,Ancre4,Trajectoire5,1,Salle3
0.308118518518519,Ancre4,Trajectoire5,2,Salle3
0.309693111111111,Ancre4,Trajectoire5,3,Salle3
0.256108148148148,Ancre4,Trajectoire5,4,Salle3
0.248227407407407,Ancre4,Trajectoire5,5,Salle3
0.230892111111111,Ancre4,Trajectoire5,6,Salle3
0.248227925925926,Ancre4,Trajectoire5,7,Salle3
0.218282592592593,Ancre4,Trajectoire5,8,Salle3
0.278171851851852,Ancre4,Trajectoire5,9,Salle3
0.320725962962963,Ancre4,Trajectoire5,10,Salle3
0.383766925925926,Ancre4,Trajectoire5,11,Salle3
0.257683222222222,Ancre4,Trajectoire5,12,Salle3
0.268715074074074,Ancre4,Trajectoire5,13,Salle3
0.241921518518519,Ancre4,Trajectoire5,14,Salle3
0.347517185185185,Ancre4,Trajectoire5,15,Salle3
0.304964333333333,Ancre4,Trajectoire5,16,Salle3
-0.304195769230769,Ancre1,Trajectoire6,1,Salle3
-0.374126153846154,Ancre1,Trajectoire6,2,Salle3
-0.43007,Ancre1,Trajectoire6,3,Salle3
-0.37063,Ancre1,Trajectoire6,4,Salle3
-0.388113076923077,Ancre1,Trajectoire6,5,Salle3
-0.314686,Ancre1,Trajectoire6,6,Salle3
-0.297202461538462,Ancre1,Trajectoire6,7,Salle3
-0.314684923076923,Ancre1,Trajectoire6,8,Salle3
-0.402098076923077,Ancre1,Trajectoire6,9,Salle3
-0.41958,Ancre1,Trajectoire6,10,Salle3
-0.405594615384615,Ancre1,Trajectoire6,11,Salle3
-0.440560769230769,Ancre1,Trajectoire6,12,Salle3
-0.402098461538462,Ancre1,Trajectoire6,13,Salle3
-0.426573076923077,Ancre1,Trajectoire6,14,Salle3
-0.405593461538462,Ancre1,Trajectoire6,15,Salle3
-0.391608846153846,Ancre1,Trajectoire6,16,Salle3
-0.569230769230769,Ancre2,Trajectoire6,1,Salle3
-0.596582307692308,Ancre2,Trajectoire6,2,Salle3
-0.528206153846154,Ancre2,Trajectoire6,3,Salle3
-0.459828461538462,Ancre2,Trajectoire6,4,Salle3
-0.514530769230769,Ancre2,Trajectoire6,5,Salle3
-0.442735384615385,Ancre2,Trajectoire6,6,Salle3
-0.552136923076923,Ancre2,Trajectoire6,7,Salle3
-0.480342307692308,Ancre2,Trajectoire6,8,Salle3
-0.480343076923077,Ancre2,Trajectoire6,9,Salle3
-0.524787692307692,Ancre2,Trajectoire6,10,Salle3
-0.668376153846154,Ancre2,Trajectoire6,11,Salle3
-0.552136923076923,Ancre2,Trajectoire6,12,Salle3
-0.5453,Ancre2,Trajectoire6,13,Salle3
-0.535043076923077,Ancre2,Trajectoire6,14,Salle3
-0.500854615384615,Ancre2,Trajectoire6,15,Salle3
-0.483760769230769,Ancre2,Trajectoire6,16,Salle3
0.292307230769231,Ancre3,Trajectoire6,1,Salle3
0.251280923076923,Ancre3,Trajectoire6,2,Salle3
0.268375615384615,Ancre3,Trajectoire6,3,Salle3
0.261538230769231,Ancre3,Trajectoire6,4,Salle3
0.319658538461538,Ancre3,Trajectoire6,5,Salle3
0.381196076923077,Ancre3,Trajectoire6,6,Salle3
0.398291846153846,Ancre3,Trajectoire6,7,Salle3
0.405126461538462,Ancre3,Trajectoire6,8,Salle3
0.429058769230769,Ancre3,Trajectoire6,9,Salle3
0.422221538461538,Ancre3,Trajectoire6,10,Salle3
0.442733615384615,Ancre3,Trajectoire6,11,Salle3
0.449572230769231,Ancre3,Trajectoire6,12,Salle3
0.466665,Ancre3,Trajectoire6,13,Salle3
0.470082538461539,Ancre3,Trajectoire6,14,Salle3
0.411965153846154,Ancre3,Trajectoire6,15,Salle3
0.394872076923077,Ancre3,Trajectoire6,16,Salle3
0.443533846153846,Ancre4,Trajectoire6,1,Salle3
0.482813846153846,Ancre4,Trajectoire6,2,Salle3
0.495907692307692,Ancre4,Trajectoire6,3,Salle3
0.509,Ancre4,Trajectoire6,4,Salle3
0.515546153846154,Ancre4,Trajectoire6,5,Salle3
0.531912307692308,Ancre4,Trajectoire6,6,Salle3
0.538458461538462,Ancre4,Trajectoire6,7,Salle3
0.531913076923077,Ancre4,Trajectoire6,8,Salle3
0.535186153846154,Ancre4,Trajectoire6,9,Salle3
0.597378461538462,Ancre4,Trajectoire6,10,Salle3
0.577739230769231,Ancre4,Trajectoire6,11,Salle3
0.515546692307692,Ancre4,Trajectoire6,12,Salle3
0.528639769230769,Ancre4,Trajectoire6,13,Salle3
0.443533615384615,Ancre4,Trajectoire6,14,Salle3
0.319146692307692,Ancre4,Trajectoire6,15,Salle3
0.328966692307692,Ancre4,Trajectoire6,16,Salle3
